date,value
2026-01-11,272
2026-01-10,8939
2026-01-09,4942
2026-01-08,8481
2026-01-07,6122
2026-01-06,8069
2026-01-05,4840
2026-01-04,6399
2026-01-03,5648
2026-01-02,10579
2026-01-01,6086
2025-12-31,5407
2025-12-30,8983
2025-12-29,9306
2025-12-28,6097
2025-12-27,8581
2025-12-26,9207
2025-12-25,10909
2025-12-24,5842
2025-12-23,12549
2025-12-22,10152
2025-12-21,18783
2025-12-20,7159
2025-12-19,8771
2025-12-18,4078
2025-12-17,6594
2025-12-16,3902
2025-12-15,3477
2025-12-14,9623
2025-12-13,7958
2025-12-12,6290
2025-12-11,7321
2025-12-10,6809
2025-12-09,5099
2025-12-08,3882
2025-12-07,7232
2025-12-06,6761
2025-12-05,2549
2025-12-04,8257
2025-12-03,4188
2025-12-02,6372
2025-12-01,5532
2025-11-30,7568
2025-11-29,4672
2025-11-28,6847
2025-11-27,3909
2025-11-26,4973
2025-11-25,5206
2025-11-24,9105
2025-11-23,9133
2025-11-22,17281
2025-11-21,4479
2025-11-20,5874
2025-11-19,5792
2025-11-18,10909
2025-11-17,5701
2025-11-16,6414
2025-11-15,9132
2025-11-14,3087
2025-11-13,5484
2025-11-12,4800
2025-11-11,5834
2025-11-10,7202
2025-11-09,3720
2025-11-08,10336
2025-11-07,7018
2025-11-06,5743
2025-11-05,6796
2025-11-04,5616
2025-11-03,7721
2025-11-02,10190
2025-11-01,7886
2025-10-31,8914
2025-10-30,8558
2025-10-29,4679
2025-10-28,8409
2025-10-27,6354
2025-10-26,8454
2025-10-25,7050
2025-10-24,8614
2025-10-23,5033
2025-10-22,5206
2025-10-21,4288
2025-10-20,5060
2025-10-19,6342
2025-10-18,8487
2025-10-17,6654
2025-10-16,6369
2025-10-15,5849
2025-10-14,5674
2025-10-13,7159
2025-10-12,9312
2025-10-11,7646
2025-10-10,4986
2025-10-09,5262
2025-10-08,5156
2025-10-07,7499
2025-10-06,9133
2025-10-05,5804
2025-10-04,7399
2025-10-03,2445
2025-10-02,8219
2025-10-01,4889
2025-09-30,5586
2025-09-29,6075
2025-09-28,9359
2025-09-27,9301
2025-09-26,3526
2025-09-25,4496
2025-09-24,7005
2025-09-23,4534
2025-09-22,5569
2025-09-21,4657
2025-09-20,6463
2025-09-19,5563
2025-09-18,4509
2025-09-17,4506
2025-09-16,5215
2025-09-15,6839
2025-09-14,6625
2025-09-13,10693
2025-09-12,7854
2025-09-11,2864
2025-09-10,2381
2025-09-09,8631
2025-09-08,3665
2025-09-07,10514
2025-09-06,4060
2025-09-05,3455
2025-09-04,5411
2025-09-03,5848
2025-09-02,2544
2025-09-01,5737
2025-08-31,5330
2025-08-30,7797
2025-08-29,5902
2025-08-28,1605
2025-08-27,6132
2025-08-26,7742
2025-08-25,6190
2025-08-24,9257
2025-08-23,7169
2025-08-22,4385
2025-08-21,4484
2025-08-20,9597
2025-08-19,2480
2025-08-18,5984
2025-08-17,9639
2025-08-16,5945
2025-08-15,4276
2025-08-14,3653
2025-08-13,4562
2025-08-12,2185
2025-08-11,5474
2025-08-10,7773
2025-08-09,8281
2025-08-08,2443
2025-08-07,1850
2025-08-06,5874
2025-08-05,3948
2025-08-04,3587
2025-08-03,7897
2025-08-02,6985
2025-08-01,1849
2025-07-31,5720
2025-07-30,3537
2025-07-29,5958
2025-07-28,3652
2025-07-27,9429
2025-07-26,7201
2025-07-25,9048
2025-07-24,3657
2025-07-23,7122
2025-07-22,6175
2025-07-21,5178
2025-07-20,5152
2025-07-19,8230
2025-07-18,7277
2025-07-17,8487
2025-07-16,8779
2025-07-15,5282
2025-07-14,7811
2025-07-13,4654
2025-07-12,9142
2025-07-11,10275
2025-07-10,9735
2025-07-09,1526
2025-07-08,4682
2025-07-07,6229
2025-07-06,5538
2025-07-05,7379
2025-07-04,8753
2025-07-03,9489
2025-07-02,3184
2025-07-01,4897
2025-06-30,4974
2025-06-29,6631
2025-06-28,4545
2025-06-27,4508
2025-06-26,3806
2025-06-25,2745
2025-06-24,4251
2025-06-23,3478
2025-06-22,2226
2025-06-21,5435
2025-06-20,4622
2025-06-19,2657
2025-06-18,5954
2025-06-17,7933
2025-06-16,6467
2025-06-15,8455
2025-06-14,8473
2025-06-13,5492
2025-06-12,8309
2025-06-11,4879
2025-06-10,2737
2025-06-09,3572
2025-06-08,6456
2025-06-07,6811
2025-06-06,6036
2025-06-05,2863
2025-06-04,4048
2025-06-03,4903
2025-06-02,5944
2025-06-01,8266
2025-05-31,5474
2025-05-30,3325
2025-05-29,3258
2025-05-28,5253
2025-05-27,5842
2025-05-26,12924
2025-05-25,6070
2025-05-24,6078
2025-05-23,6627
2025-05-22,5584
2025-05-21,4864
2025-05-20,5036
2025-05-19,4746
2025-05-18,6044
2025-05-17,2063
2025-05-16,3951
2025-05-15,3753
2025-05-14,6257
2025-05-13,4815
2025-05-12,3107
2025-05-11,4928
2025-05-10,11055
2025-05-09,4260
2025-05-08,4404
2025-05-07,3861
2025-05-06,3884
2025-05-05,3091
2025-05-04,4666
2025-05-03,7053
2025-05-02,7183
2025-05-01,6896
2025-04-30,5141
2025-04-29,5710
2025-04-28,6145
2025-04-27,5449
2025-04-26,7321
2025-04-25,6193
2025-04-24,7646
2025-04-23,4576
2025-04-22,9034
2025-04-21,5918
2025-04-20,9204
2025-04-19,6068
2025-04-18,3571
2025-04-17,6093
2025-04-16,4241
2025-04-15,10607
2025-04-14,4418
2025-04-13,6940
2025-04-12,6308
2025-04-11,10763
2025-04-10,11394
2025-04-09,13626
2025-04-08,6774
2025-04-07,6444
2025-04-06,5934
2025-04-05,6893
2025-04-04,4694
2025-04-03,5250
2025-04-02,5138
2025-04-01,3648
2025-03-31,4860
2025-03-30,6680
2025-03-29,6150
2025-03-28,4662
2025-03-27,6465
2025-03-26,6379
2025-03-25,5777
2025-03-24,5516
2025-03-23,5627
2025-03-22,5717
2025-03-21,3087
2025-03-20,4537
2025-03-19,6159
2025-03-18,5133
2025-03-17,2401
2025-03-16,5151
2025-03-15,7298
2025-03-14,8654
2025-03-13,15263
2025-03-12,7596
2025-03-11,9920
2025-03-10,7551
2025-03-09,15137
2025-03-08,4483
2025-03-07,4379
2025-03-06,4993
2025-03-05,5983
2025-03-04,3869
2025-03-03,5960
2025-03-02,8149
2025-03-01,7292
2025-02-28,3675
2025-02-27,4443
2025-02-26,4687
2025-02-25,5802
2025-02-24,5215
2025-02-23,6054
2025-02-22,9192
2025-02-21,5117
2025-02-20,13277
2025-02-19,4355
2025-02-18,3988
2025-02-17,7006
2025-02-16,5764
2025-02-15,6987
2025-02-14,4421
2025-02-13,3418
2025-02-12,4811
2025-02-11,5496
2025-02-10,4918
2025-02-09,7937
2025-02-08,8593
2025-02-07,4832
2025-02-06,4669
2025-02-05,8729
2025-02-04,4924
2025-02-03,7752
2025-02-02,6402
2025-02-01,6593
2025-01-31,4068
2025-01-30,3917
2025-01-29,6395
2025-01-28,4473
2025-01-27,5509
2025-01-26,9644
2025-01-25,6536
2025-01-24,3561
2025-01-23,5814
2025-01-22,5271
2025-01-21,6000
2025-01-20,2236
2025-01-19,4814
2025-01-18,4361
2025-01-17,8311
2025-01-16,6438
2025-01-15,5692
2025-01-14,3887
2025-01-13,5557
2025-01-12,7761
2025-01-11,7466
2025-01-10,5579
2025-01-09,6326
2025-01-08,4641
2025-01-07,5196
2025-01-06,4396
2025-01-05,4072
2025-01-04,6532
2025-01-03,7838
2025-01-02,8416