from,to,light (s),deep (s),rem (s),awake (s),wake up (s),duration to sleep (s),duration to wake up (s),snoring (s),snoring episodes,average heart rate,heart rate (min),heart rate (max)
2025-01-01T06:56:55.687Z,2025-01-01T16:14:00.000Z,15887,7944,7944,1650,0,0,0,0,0,60,50,80
2025-01-02T06:01:28.046Z,2025-01-02T15:14:00.000Z,15957,7978,7978,1239,0,0,0,0,0,60,50,80
2025-01-03T08:07:48.582Z,2025-01-03T15:52:00.000Z,13097,6549,6549,1657,0,0,0,0,0,60,50,80
2025-01-04T07:33:48.251Z,2025-01-04T15:22:00.000Z,13465,6732,6732,1162,0,0,0,0,0,60,50,80
2025-01-05T07:17:36.114Z,2025-01-05T15:49:00.000Z,15302,7651,7651,80,0,0,0,0,0,60,50,80
2025-01-06T07:13:04.164Z,2025-01-06T15:14:00.000Z,13757,6879,6879,1342,0,0,0,0,0,60,50,80
2025-01-07T06:54:22.239Z,2025-01-07T15:31:00.000Z,14680,7340,7340,1637,0,0,0,0,0,60,50,80
2025-01-08T06:48:37.615Z,2025-01-08T15:16:00.000Z,14650,7325,7325,1143,0,0,0,0,0,60,50,80
2025-01-09T07:25:31.555Z,2025-01-09T15:40:00.000Z,14243,7122,7122,1182,0,0,0,0,0,60,50,80
2025-01-10T06:04:55.344Z,2025-01-10T15:00:00.000Z,15287,7643,7643,1531,0,0,0,0,0,60,50,80
2025-01-11T06:34:20.880Z,2025-01-11T15:47:00.000Z,16031,8016,8016,1097,0,0,0,0,0,60,50,80
2025-01-12T08:12:32.877Z,2025-01-12T16:39:00.000Z,14460,7230,7230,1467,0,0,0,0,0,60,50,80
2025-01-13T09:26:22.353Z,2025-01-13T16:55:00.000Z,12774,6387,6387,1370,0,0,0,0,0,60,50,80
2025-01-14T07:42:56.321Z,2025-01-14T15:10:00.000Z,12633,6317,6317,1558,0,0,0,0,0,60,50,80
2025-01-15T07:36:46.504Z,2025-01-15T15:06:00.000Z,12811,6405,6405,1332,0,0,0,0,0,60,50,80
2025-01-16T07:43:07.704Z,2025-01-16T16:37:00.000Z,15799,7899,7899,435,0,0,0,0,0,60,50,80
2025-01-17T07:25:33.412Z,2025-01-17T15:49:00.000Z,14842,7421,7421,523,0,0,0,0,0,60,50,80
2025-01-18T06:00:51.176Z,2025-01-18T15:02:00.000Z,16052,8026,8026,364,0,0,0,0,0,60,50,80
2025-01-19T09:13:55.170Z,2025-01-19T16:38:00.000Z,13209,6605,6605,226,0,0,0,0,0,60,50,80
2025-01-20T06:18:37.991Z,2025-01-20T15:14:00.000Z,15166,7583,7583,1791,0,0,0,0,0,60,50,80
2025-01-21T08:05:31.846Z,2025-01-21T16:04:00.000Z,14307,7154,7154,94,0,0,0,0,0,60,50,80
2025-01-22T08:53:56.533Z,2025-01-22T16:22:00.000Z,13110,6555,6555,663,0,0,0,0,0,60,50,80
2025-01-23T07:33:38.892Z,2025-01-23T16:29:00.000Z,15180,7590,7590,1762,0,0,0,0,0,60,50,80
2025-01-24T07:43:29.823Z,2025-01-24T15:44:00.000Z,13531,6765,6765,1769,0,0,0,0,0,60,50,80
2025-01-25T08:36:34.496Z,2025-01-25T16:25:00.000Z,13954,6977,6977,197,0,0,0,0,0,60,50,80
2025-01-26T06:11:16.304Z,2025-01-26T15:16:00.000Z,15768,7884,7884,1148,0,0,0,0,0,60,50,80
2025-01-27T07:31:51.268Z,2025-01-27T16:31:00.000Z,15910,7955,7955,528,0,0,0,0,0,60,50,80
2025-01-28T06:24:48.027Z,2025-01-28T15:02:00.000Z,15185,7592,7592,663,0,0,0,0,0,60,50,80
2025-01-29T08:00:37.008Z,2025-01-29T16:12:00.000Z,14330,7165,7165,823,0,0,0,0,0,60,50,80
2025-01-30T08:07:19.873Z,2025-01-30T16:49:00.000Z,14955,7477,7477,1391,0,0,0,0,0,60,50,80
2025-01-31T06:59:02.311Z,2025-01-31T15:07:00.000Z,14246,7123,7123,785,0,0,0,0,0,60,50,80
2025-02-01T07:24:23.297Z,2025-02-01T15:46:00.000Z,14310,7155,7155,1476,0,0,0,0,0,60,50,80
2025-02-02T08:31:34.554Z,2025-02-02T16:01:00.000Z,13024,6512,6512,918,0,0,0,0,0,60,50,80
2025-02-03T07:10:48.776Z,2025-02-03T15:56:00.000Z,15028,7514,7514,1456,0,0,0,0,0,60,50,80
2025-02-04T07:37:50.681Z,2025-02-04T15:32:00.000Z,14008,7004,7004,434,0,0,0,0,0,60,50,80
2025-02-05T07:50:06.799Z,2025-02-05T15:34:00.000Z,13157,6579,6579,1519,0,0,0,0,0,60,50,80
2025-02-06T07:38:51.780Z,2025-02-06T16:14:00.000Z,14885,7442,7442,1138,0,0,0,0,0,60,50,80
2025-02-07T07:27:21.156Z,2025-02-07T15:29:00.000Z,14099,7050,7050,701,0,0,0,0,0,60,50,80
2025-02-08T07:29:42.450Z,2025-02-08T15:24:00.000Z,13432,6716,6716,1593,0,0,0,0,0,60,50,80
2025-02-09T08:54:25.405Z,2025-02-09T16:27:00.000Z,12780,6390,6390,1594,0,0,0,0,0,60,50,80
2025-02-10T07:42:05.409Z,2025-02-10T16:43:00.000Z,15779,7890,7890,896,0,0,0,0,0,60,50,80
2025-02-11T08:08:26.522Z,2025-02-11T15:56:00.000Z,13280,6640,6640,1493,0,0,0,0,0,60,50,80
2025-02-12T07:03:37.454Z,2025-02-12T15:53:00.000Z,15055,7527,7527,1654,0,0,0,0,0,60,50,80
2025-02-13T07:52:24.384Z,2025-02-13T15:37:00.000Z,13734,6867,6867,407,0,0,0,0,0,60,50,80
2025-02-14T07:20:04.922Z,2025-02-14T15:28:00.000Z,14042,7021,7021,1190,0,0,0,0,0,60,50,80
2025-02-15T07:31:08.492Z,2025-02-15T15:11:00.000Z,13684,6842,6842,224,0,0,0,0,0,60,50,80
2025-02-16T08:15:00.840Z,2025-02-16T15:41:00.000Z,13080,6540,6540,600,0,0,0,0,0,60,50,80
2025-02-17T07:18:30.761Z,2025-02-17T15:17:00.000Z,14348,7174,7174,13,0,0,0,0,0,60,50,80
2025-02-18T07:39:41.699Z,2025-02-18T16:01:00.000Z,14605,7302,7302,869,0,0,0,0,0,60,50,80
2025-02-19T07:43:11.893Z,2025-02-19T15:48:00.000Z,13863,6931,6931,1363,0,0,0,0,0,60,50,80
2025-02-20T06:38:47.076Z,2025-02-20T15:03:00.000Z,14687,7344,7344,879,0,0,0,0,0,60,50,80
2025-02-21T07:38:51.437Z,2025-02-21T16:31:00.000Z,15238,7619,7619,1453,0,0,0,0,0,60,50,80
2025-02-22T07:37:02.786Z,2025-02-22T15:32:00.000Z,13803,6902,6902,891,0,0,0,0,0,60,50,80
2025-02-23T07:03:59.515Z,2025-02-23T15:39:00.000Z,15096,7548,7548,709,0,0,0,0,0,60,50,80
2025-02-24T08:33:05.726Z,2025-02-24T16:22:00.000Z,13353,6677,6677,1428,0,0,0,0,0,60,50,80
2025-02-25T08:38:17.915Z,2025-02-25T16:32:00.000Z,14061,7030,7030,301,0,0,0,0,0,60,50,80
2025-02-26T08:00:02.219Z,2025-02-26T15:55:00.000Z,13555,6778,6778,1388,0,0,0,0,0,60,50,80
2025-02-27T07:41:49.659Z,2025-02-27T15:57:00.000Z,14158,7079,7079,1394,0,0,0,0,0,60,50,80
2025-02-28T07:39:55.610Z,2025-02-28T16:13:00.000Z,14943,7471,7471,899,0,0,0,0,0,60,50,80
2025-03-01T06:45:15.860Z,2025-03-01T15:11:00.000Z,15123,7562,7562,97,0,0,0,0,0,60,50,80
2025-03-02T08:44:13.681Z,2025-03-02T15:52:00.000Z,12831,6416,6416,4,0,0,0,0,0,60,50,80
2025-03-03T09:14:21.232Z,2025-03-03T16:54:00.000Z,13072,6536,6536,1435,0,0,0,0,0,60,50,80
2025-03-04T07:48:13.773Z,2025-03-04T16:09:00.000Z,14500,7250,7250,1047,0,0,0,0,0,60,50,80
2025-03-05T07:49:17.236Z,2025-03-05T15:24:00.000Z,13236,6618,6618,810,0,0,0,0,0,60,50,80
2025-03-06T09:33:47.908Z,2025-03-06T16:50:00.000Z,12756,6378,6378,660,0,0,0,0,0,60,50,80
2025-03-07T07:30:32.327Z,2025-03-07T15:24:00.000Z,13926,6963,6963,556,0,0,0,0,0,60,50,80
2025-03-08T07:55:00.570Z,2025-03-08T15:30:00.000Z,12841,6420,6420,1618,0,0,0,0,0,60,50,80
2025-03-09T07:42:56.630Z,2025-03-09T15:27:00.000Z,13367,6684,6684,1109,0,0,0,0,0,60,50,80
2025-03-10T07:33:53.749Z,2025-03-10T14:51:00.000Z,12775,6388,6388,676,0,0,0,0,0,60,50,80
2025-03-11T06:15:01.855Z,2025-03-11T14:21:00.000Z,13816,6908,6908,1526,0,0,0,0,0,60,50,80
2025-03-12T06:38:09.442Z,2025-03-12T15:12:00.000Z,15303,7652,7652,224,0,0,0,0,0,60,50,80
2025-03-13T06:43:41.939Z,2025-03-13T14:29:00.000Z,13675,6837,6837,569,0,0,0,0,0,60,50,80
2025-03-14T06:43:08.346Z,2025-03-14T14:10:00.000Z,13400,6700,6700,12,0,0,0,0,0,60,50,80
2025-03-15T06:37:26.291Z,2025-03-15T14:14:00.000Z,13565,6783,6783,263,0,0,0,0,0,60,50,80
2025-03-16T06:04:14.596Z,2025-03-16T14:04:00.000Z,14082,7041,7041,621,0,0,0,0,0,60,50,80
2025-03-17T07:51:50.841Z,2025-03-17T15:43:00.000Z,13718,6859,6859,834,0,0,0,0,0,60,50,80
2025-03-18T06:15:01.818Z,2025-03-18T14:54:00.000Z,15116,7558,7558,907,0,0,0,0,0,60,50,80
2025-03-19T06:44:11.395Z,2025-03-19T14:06:00.000Z,12787,6393,6393,935,0,0,0,0,0,60,50,80
2025-03-20T06:36:27.200Z,2025-03-20T14:32:00.000Z,14253,7127,7127,27,0,0,0,0,0,60,50,80
2025-03-21T05:13:26.755Z,2025-03-21T14:01:00.000Z,14947,7473,7473,1760,0,0,0,0,0,60,50,80
2025-03-22T05:57:03.474Z,2025-03-22T14:04:00.000Z,14353,7176,7176,511,0,0,0,0,0,60,50,80
2025-03-23T07:12:07.564Z,2025-03-23T15:28:00.000Z,14182,7091,7091,1387,0,0,0,0,0,60,50,80
2025-03-24T06:58:42.582Z,2025-03-24T14:49:00.000Z,13808,6904,6904,601,0,0,0,0,0,60,50,80
2025-03-25T07:09:15.606Z,2025-03-25T15:30:00.000Z,14639,7319,7319,767,0,0,0,0,0,60,50,80
2025-03-26T05:11:49.876Z,2025-03-26T14:39:00.000Z,16193,8096,8096,1645,0,0,0,0,0,60,50,80
2025-03-27T05:56:38.213Z,2025-03-27T14:15:00.000Z,14580,7290,7290,742,0,0,0,0,0,60,50,80
2025-03-28T07:48:56.803Z,2025-03-28T15:39:00.000Z,13806,6903,6903,591,0,0,0,0,0,60,50,80
2025-03-29T08:07:08.622Z,2025-03-29T15:12:00.000Z,12601,6300,6300,290,0,0,0,0,0,60,50,80
2025-03-30T05:15:33.429Z,2025-03-30T14:20:00.000Z,16166,8083,8083,335,0,0,0,0,0,60,50,80
2025-03-31T07:45:04.516Z,2025-03-31T15:48:00.000Z,14111,7056,7056,753,0,0,0,0,0,60,50,80
2025-04-01T05:22:15.887Z,2025-04-01T14:35:00.000Z,15689,7844,7844,1787,0,0,0,0,0,60,50,80
2025-04-02T06:17:46.253Z,2025-04-02T14:07:00.000Z,14048,7024,7024,57,0,0,0,0,0,60,50,80
2025-04-03T06:23:35.576Z,2025-04-03T14:55:00.000Z,15119,7560,7560,446,0,0,0,0,0,60,50,80
2025-04-04T07:21:16.613Z,2025-04-04T14:51:00.000Z,13165,6582,6582,654,0,0,0,0,0,60,50,80
2025-04-05T05:40:01.759Z,2025-04-05T14:22:00.000Z,15623,7812,7812,72,0,0,0,0,0,60,50,80
2025-04-06T06:19:03.108Z,2025-04-06T15:19:00.000Z,15564,7782,7782,1268,0,0,0,0,0,60,50,80
2025-04-07T08:04:49.605Z,2025-04-07T15:49:00.000Z,13716,6858,6858,418,0,0,0,0,0,60,50,80
2025-04-08T06:49:32.442Z,2025-04-08T15:38:00.000Z,15787,7894,7894,133,0,0,0,0,0,60,50,80
2025-04-09T05:41:47.368Z,2025-04-09T14:18:00.000Z,15470,7735,7735,33,0,0,0,0,0,60,50,80
2025-04-10T06:53:58.801Z,2025-04-10T14:44:00.000Z,13978,6989,6989,245,0,0,0,0,0,60,50,80
2025-04-11T06:14:09.270Z,2025-04-11T14:53:00.000Z,15244,7622,7622,642,0,0,0,0,0,60,50,80
2025-04-12T05:27:15.416Z,2025-04-12T14:27:00.000Z,15878,7939,7939,629,0,0,0,0,0,60,50,80
2025-04-13T07:33:34.533Z,2025-04-13T15:13:00.000Z,13561,6781,6781,443,0,0,0,0,0,60,50,80
2025-04-14T06:48:19.882Z,2025-04-14T14:35:00.000Z,13475,6738,6738,1050,0,0,0,0,0,60,50,80
2025-04-15T05:49:33.339Z,2025-04-15T14:08:00.000Z,14700,7350,7350,506,0,0,0,0,0,60,50,80
2025-04-16T08:01:10.003Z,2025-04-16T15:48:00.000Z,13817,6908,6908,376,0,0,0,0,0,60,50,80
2025-04-17T07:50:33.995Z,2025-04-17T15:54:00.000Z,13914,6957,6957,1178,0,0,0,0,0,60,50,80
2025-04-18T05:54:05.914Z,2025-04-18T14:14:00.000Z,14518,7259,7259,959,0,0,0,0,0,60,50,80
2025-04-19T06:49:23.707Z,2025-04-19T15:36:00.000Z,15701,7851,7851,193,0,0,0,0,0,60,50,80
2025-04-20T07:03:27.066Z,2025-04-20T15:25:00.000Z,14167,7083,7083,1759,0,0,0,0,0,60,50,80
2025-04-21T06:57:06.471Z,2025-04-21T15:49:00.000Z,15240,7620,7620,1434,0,0,0,0,0,60,50,80
2025-04-22T07:46:01.139Z,2025-04-22T15:23:00.000Z,13613,6806,6806,194,0,0,0,0,0,60,50,80
2025-04-23T06:26:41.105Z,2025-04-23T14:17:00.000Z,13467,6733,6733,1285,0,0,0,0,0,60,50,80
2025-04-24T06:46:42.102Z,2025-04-24T14:56:00.000Z,13899,6950,6950,1559,0,0,0,0,0,60,50,80
2025-04-25T07:54:44.112Z,2025-04-25T15:54:00.000Z,13859,6930,6930,1038,0,0,0,0,0,60,50,80
2025-04-26T07:30:23.834Z,2025-04-26T14:44:00.000Z,12859,6429,6429,299,0,0,0,0,0,60,50,80
2025-04-27T08:03:53.980Z,2025-04-27T15:59:00.000Z,13442,6721,6721,1622,0,0,0,0,0,60,50,80
2025-04-28T07:09:39.921Z,2025-04-28T15:29:00.000Z,14426,7213,7213,1109,0,0,0,0,0,60,50,80
2025-04-29T05:59:34.643Z,2025-04-29T14:25:00.000Z,14585,7293,7293,1155,0,0,0,0,0,60,50,80
2025-04-30T07:09:17.300Z,2025-04-30T14:37:00.000Z,13346,6673,6673,171,0,0,0,0,0,60,50,80
2025-05-01T06:02:43.822Z,2025-05-01T14:21:00.000Z,14904,7452,7452,87,0,0,0,0,0,60,50,80
2025-05-02T05:48:15.652Z,2025-05-02T14:21:00.000Z,15027,7514,7514,710,0,0,0,0,0,60,50,80
2025-05-03T05:56:20.166Z,2025-05-03T14:23:00.000Z,14481,7240,7240,1439,0,0,0,0,0,60,50,80
2025-05-04T08:32:23.480Z,2025-05-04T15:43:00.000Z,12683,6341,6341,471,0,0,0,0,0,60,50,80
2025-05-05T06:08:21.288Z,2025-05-05T14:07:00.000Z,14009,7004,7004,701,0,0,0,0,0,60,50,80
2025-05-06T07:25:05.476Z,2025-05-06T15:45:00.000Z,14149,7075,7075,1696,0,0,0,0,0,60,50,80
2025-05-07T07:24:39.060Z,2025-05-07T14:51:00.000Z,13209,6604,6604,363,0,0,0,0,0,60,50,80
2025-05-08T04:54:46.799Z,2025-05-08T14:15:00.000Z,16160,8080,8080,1294,0,0,0,0,0,60,50,80
2025-05-09T05:54:35.804Z,2025-05-09T14:06:00.000Z,13892,6946,6946,1700,0,0,0,0,0,60,50,80
2025-05-10T07:20:10.412Z,2025-05-10T14:59:00.000Z,13368,6684,6684,794,0,0,0,0,0,60,50,80
2025-05-11T07:30:55.542Z,2025-05-11T14:59:00.000Z,12828,6414,6414,1228,0,0,0,0,0,60,50,80
2025-05-12T07:05:51.445Z,2025-05-12T14:43:00.000Z,13700,6850,6850,29,0,0,0,0,0,60,50,80
2025-05-13T07:30:30.724Z,2025-05-13T15:40:00.000Z,14577,7288,7288,216,0,0,0,0,0,60,50,80
2025-05-14T06:21:17.132Z,2025-05-14T14:11:00.000Z,13503,6751,6751,1177,0,0,0,0,0,60,50,80
2025-05-15T08:03:37.810Z,2025-05-15T15:16:00.000Z,12762,6381,6381,419,0,0,0,0,0,60,50,80
2025-05-16T05:23:27.359Z,2025-05-16T14:02:00.000Z,15539,7770,7770,34,0,0,0,0,0,60,50,80
2025-05-17T04:33:13.750Z,2025-05-17T14:01:00.000Z,16135,8067,8067,1797,0,0,0,0,0,60,50,80
2025-05-18T06:22:40.062Z,2025-05-18T14:27:00.000Z,13900,6950,6950,1259,0,0,0,0,0,60,50,80
2025-05-19T05:51:41.092Z,2025-05-19T14:43:00.000Z,15550,7775,7775,778,0,0,0,0,0,60,50,80
2025-05-20T05:45:35.822Z,2025-05-20T14:40:00.000Z,15154,7577,7577,1755,0,0,0,0,0,60,50,80
2025-05-21T05:03:24.848Z,2025-05-21T14:00:00.000Z,16093,8046,8046,9,0,0,0,0,0,60,50,80
2025-05-22T05:43:29.621Z,2025-05-22T14:18:00.000Z,14975,7487,7487,921,0,0,0,0,0,60,50,80
2025-05-23T05:53:53.341Z,2025-05-23T14:40:00.000Z,15698,7849,7849,172,0,0,0,0,0,60,50,80
2025-05-24T07:07:03.917Z,2025-05-24T15:55:00.000Z,15338,7669,7669,1000,0,0,0,0,0,60,50,80
2025-05-25T05:23:23.512Z,2025-05-25T14:47:00.000Z,16033,8016,8016,1751,0,0,0,0,0,60,50,80
2025-05-26T06:54:33.880Z,2025-05-26T14:56:00.000Z,14363,7182,7182,159,0,0,0,0,0,60,50,80
2025-05-27T06:22:48.906Z,2025-05-27T14:21:00.000Z,14315,7158,7158,60,0,0,0,0,0,60,50,80
2025-05-28T06:07:47.744Z,2025-05-28T15:04:00.000Z,15478,7739,7739,1217,0,0,0,0,0,60,50,80
2025-05-29T07:20:07.927Z,2025-05-29T14:48:00.000Z,12954,6477,6477,965,0,0,0,0,0,60,50,80
2025-05-30T07:11:52.932Z,2025-05-30T15:40:00.000Z,15066,7533,7533,355,0,0,0,0,0,60,50,80
2025-05-31T07:02:48.181Z,2025-05-31T14:54:00.000Z,13535,6767,6767,1202,0,0,0,0,0,60,50,80
2025-06-01T06:49:36.678Z,2025-06-01T14:18:00.000Z,13095,6547,6547,714,0,0,0,0,0,60,50,80
2025-06-02T07:41:52.825Z,2025-06-02T15:39:00.000Z,13937,6968,6968,754,0,0,0,0,0,60,50,80
2025-06-03T07:54:08.531Z,2025-06-03T15:57:00.000Z,13902,6951,6951,1167,0,0,0,0,0,60,50,80
2025-06-04T07:41:01.930Z,2025-06-04T15:58:00.000Z,14551,7275,7275,716,0,0,0,0,0,60,50,80
2025-06-05T07:20:40.834Z,2025-06-05T15:38:00.000Z,14746,7373,7373,347,0,0,0,0,0,60,50,80
2025-06-06T06:56:11.805Z,2025-06-06T15:07:00.000Z,14243,7121,7121,963,0,0,0,0,0,60,50,80
2025-06-07T06:37:57.009Z,2025-06-07T14:51:00.000Z,13902,6951,6951,1779,0,0,0,0,0,60,50,80
2025-06-08T07:11:50.195Z,2025-06-08T14:53:00.000Z,13614,6807,6807,443,0,0,0,0,0,60,50,80
2025-06-09T06:49:15.777Z,2025-06-09T14:01:00.000Z,12779,6390,6390,346,0,0,0,0,0,60,50,80
2025-06-10T07:54:30.840Z,2025-06-10T15:31:00.000Z,13576,6788,6788,238,0,0,0,0,0,60,50,80
2025-06-11T06:29:41.012Z,2025-06-11T14:43:00.000Z,14698,7349,7349,204,0,0,0,0,0,60,50,80
2025-06-12T07:21:22.753Z,2025-06-12T15:32:00.000Z,13972,6986,6986,1492,0,0,0,0,0,60,50,80
2025-06-13T07:15:18.692Z,2025-06-13T14:54:00.000Z,13429,6715,6715,663,0,0,0,0,0,60,50,80
2025-06-14T06:56:04.925Z,2025-06-14T14:52:00.000Z,13883,6942,6942,788,0,0,0,0,0,60,50,80
2025-06-15T07:04:47.373Z,2025-06-15T14:25:00.000Z,12769,6384,6384,875,0,0,0,0,0,60,50,80
2025-06-16T05:15:25.364Z,2025-06-16T14:17:00.000Z,15787,7894,7894,920,0,0,0,0,0,60,50,80
2025-06-17T06:29:43.805Z,2025-06-17T15:38:00.000Z,15853,7927,7927,1190,0,0,0,0,0,60,50,80
2025-06-18T06:56:43.973Z,2025-06-18T15:16:00.000Z,14612,7306,7306,732,0,0,0,0,0,60,50,80
2025-06-19T04:54:21.810Z,2025-06-19T14:03:00.000Z,15844,7922,7922,1229,0,0,0,0,0,60,50,80
2025-06-20T06:05:29.143Z,2025-06-20T14:30:00.000Z,14632,7316,7316,1006,0,0,0,0,0,60,50,80
2025-06-21T05:46:50.658Z,2025-06-21T14:12:00.000Z,14277,7138,7138,1756,0,0,0,0,0,60,50,80
2025-06-22T08:17:33.918Z,2025-06-22T15:59:00.000Z,13312,6656,6656,1062,0,0,0,0,0,60,50,80
2025-06-23T06:17:35.606Z,2025-06-23T14:23:00.000Z,14401,7201,7201,322,0,0,0,0,0,60,50,80
2025-06-24T06:40:19.447Z,2025-06-24T14:21:00.000Z,13463,6732,6732,714,0,0,0,0,0,60,50,80
2025-06-25T06:05:05.575Z,2025-06-25T14:22:00.000Z,14653,7327,7327,508,0,0,0,0,0,60,50,80
2025-06-26T06:46:21.745Z,2025-06-26T15:41:00.000Z,15644,7822,7822,790,0,0,0,0,0,60,50,80
2025-06-27T08:18:49.025Z,2025-06-27T15:47:00.000Z,13309,6655,6655,272,0,0,0,0,0,60,50,80
2025-06-28T05:37:36.537Z,2025-06-28T14:29:00.000Z,15561,7780,7780,762,0,0,0,0,0,60,50,80
2025-06-29T05:25:26.151Z,2025-06-29T14:08:00.000Z,15562,7781,7781,230,0,0,0,0,0,60,50,80
2025-06-30T05:48:25.926Z,2025-06-30T14:52:00.000Z,15576,7788,7788,1462,0,0,0,0,0,60,50,80
2025-07-01T06:33:39.213Z,2025-07-01T14:45:00.000Z,14403,7202,7202,674,0,0,0,0,0,60,50,80
2025-07-02T06:00:40.149Z,2025-07-02T14:57:00.000Z,15195,7598,7598,1789,0,0,0,0,0,60,50,80
2025-07-03T07:52:37.666Z,2025-07-03T15:40:00.000Z,13981,6990,6990,81,0,0,0,0,0,60,50,80
2025-07-04T06:57:01.488Z,2025-07-04T15:12:00.000Z,14075,7037,7037,1549,0,0,0,0,0,60,50,80
2025-07-05T06:21:38.790Z,2025-07-05T14:33:00.000Z,14643,7322,7322,195,0,0,0,0,0,60,50,80
2025-07-06T07:15:18.298Z,2025-07-06T15:05:00.000Z,13469,6735,6735,1243,0,0,0,0,0,60,50,80
2025-07-07T05:44:14.824Z,2025-07-07T14:24:00.000Z,15568,7784,7784,49,0,0,0,0,0,60,50,80
2025-07-08T05:32:21.029Z,2025-07-08T14:09:00.000Z,15106,7553,7553,787,0,0,0,0,0,60,50,80
2025-07-09T07:24:45.865Z,2025-07-09T15:14:00.000Z,13757,6878,6878,641,0,0,0,0,0,60,50,80
2025-07-10T05:47:38.419Z,2025-07-10T14:36:00.000Z,15843,7921,7921,16,0,0,0,0,0,60,50,80
2025-07-11T06:52:55.849Z,2025-07-11T15:36:00.000Z,15463,7731,7731,458,0,0,0,0,0,60,50,80
2025-07-12T05:29:38.036Z,2025-07-12T14:51:00.000Z,16085,8043,8043,1512,0,0,0,0,0,60,50,80
2025-07-13T06:14:23.556Z,2025-07-13T14:20:00.000Z,13748,6874,6874,1640,0,0,0,0,0,60,50,80
2025-07-14T06:30:59.089Z,2025-07-14T14:38:00.000Z,14251,7125,7125,719,0,0,0,0,0,60,50,80
2025-07-15T07:57:53.739Z,2025-07-15T15:56:00.000Z,14054,7027,7027,578,0,0,0,0,0,60,50,80
2025-07-16T06:35:44.685Z,2025-07-16T14:56:00.000Z,14245,7123,7123,1525,0,0,0,0,0,60,50,80
2025-07-17T06:58:06.182Z,2025-07-17T15:52:00.000Z,15417,7709,7709,1199,0,0,0,0,0,60,50,80
2025-07-18T06:47:33.546Z,2025-07-18T14:55:00.000Z,14042,7021,7021,1163,0,0,0,0,0,60,50,80
2025-07-19T05:59:32.656Z,2025-07-19T14:22:00.000Z,14404,7202,7202,1340,0,0,0,0,0,60,50,80
2025-07-20T07:03:04.782Z,2025-07-20T14:46:00.000Z,13833,6916,6916,110,0,0,0,0,0,60,50,80
2025-07-21T06:36:52.946Z,2025-07-21T14:58:00.000Z,14354,7177,7177,1360,0,0,0,0,0,60,50,80
2025-07-22T05:12:19.722Z,2025-07-22T14:23:00.000Z,16100,8050,8050,841,0,0,0,0,0,60,50,80
2025-07-23T06:36:25.734Z,2025-07-23T14:04:00.000Z,13037,6519,6519,779,0,0,0,0,0,60,50,80
2025-07-24T06:49:46.635Z,2025-07-24T14:45:00.000Z,13947,6973,6973,620,0,0,0,0,0,60,50,80
2025-07-25T06:23:56.716Z,2025-07-25T15:05:00.000Z,15168,7584,7584,927,0,0,0,0,0,60,50,80
2025-07-26T06:04:04.824Z,2025-07-26T14:20:00.000Z,14282,7141,7141,1191,0,0,0,0,0,60,50,80
2025-07-27T04:58:46.908Z,2025-07-27T14:03:00.000Z,15875,7937,7937,904,0,0,0,0,0,60,50,80
2025-07-28T06:55:08.518Z,2025-07-28T15:43:00.000Z,15706,7853,7853,259,0,0,0,0,0,60,50,80
2025-07-29T06:29:41.782Z,2025-07-29T14:07:00.000Z,13654,6827,6827,130,0,0,0,0,0,60,50,80
2025-07-30T06:20:04.969Z,2025-07-30T14:08:00.000Z,13559,6779,6779,957,0,0,0,0,0,60,50,80
2025-07-31T07:30:33.922Z,2025-07-31T15:10:00.000Z,13527,6763,6763,512,0,0,0,0,0,60,50,80
2025-08-01T06:42:17.729Z,2025-08-01T14:30:00.000Z,13920,6960,6960,222,0,0,0,0,0,60,50,80
2025-08-02T06:51:12.044Z,2025-08-02T14:26:00.000Z,13245,6623,6623,797,0,0,0,0,0,60,50,80
2025-08-03T07:14:30.730Z,2025-08-03T15:58:00.000Z,15666,7833,7833,78,0,0,0,0,0,60,50,80
2025-08-04T07:56:28.212Z,2025-08-04T15:46:00.000Z,13998,6999,6999,175,0,0,0,0,0,60,50,80
2025-08-05T06:39:04.190Z,2025-08-05T14:51:00.000Z,14499,7250,7250,518,0,0,0,0,0,60,50,80
2025-08-06T06:14:28.024Z,2025-08-06T15:18:00.000Z,15454,7727,7727,1704,0,0,0,0,0,60,50,80
2025-08-07T06:57:46.868Z,2025-08-07T15:07:00.000Z,14190,7095,7095,973,0,0,0,0,0,60,50,80
2025-08-08T07:05:25.589Z,2025-08-08T14:43:00.000Z,13034,6517,6517,1387,0,0,0,0,0,60,50,80
2025-08-09T06:37:53.016Z,2025-08-09T14:30:00.000Z,13670,6835,6835,988,0,0,0,0,0,60,50,80
2025-08-10T06:24:27.383Z,2025-08-10T15:18:00.000Z,15867,7934,7934,278,0,0,0,0,0,60,50,80
2025-08-11T05:07:19.558Z,2025-08-11T14:03:00.000Z,15620,7810,7810,901,0,0,0,0,0,60,50,80
2025-08-12T06:12:59.351Z,2025-08-12T14:03:00.000Z,13676,6838,6838,848,0,0,0,0,0,60,50,80
2025-08-13T05:41:55.507Z,2025-08-13T14:55:00.000Z,15696,7848,7848,1793,0,0,0,0,0,60,50,80
2025-08-14T06:10:32.150Z,2025-08-14T14:51:00.000Z,15450,7725,7725,327,0,0,0,0,0,60,50,80
2025-08-15T06:07:29.508Z,2025-08-15T14:32:00.000Z,14351,7175,7175,1569,0,0,0,0,0,60,50,80
2025-08-16T05:43:44.134Z,2025-08-16T14:07:00.000Z,14959,7480,7480,277,0,0,0,0,0,60,50,80
2025-08-17T06:22:31.588Z,2025-08-17T14:20:00.000Z,14198,7099,7099,253,0,0,0,0,0,60,50,80
2025-08-18T05:33:41.746Z,2025-08-18T14:27:00.000Z,15109,7554,7554,1781,0,0,0,0,0,60,50,80
2025-08-19T06:48:50.038Z,2025-08-19T15:29:00.000Z,14931,7465,7465,1349,0,0,0,0,0,60,50,80
2025-08-20T06:02:49.951Z,2025-08-20T14:27:00.000Z,14363,7181,7181,1524,0,0,0,0,0,60,50,80
2025-08-21T05:31:30.037Z,2025-08-21T14:37:00.000Z,15522,7761,7761,1685,0,0,0,0,0,60,50,80
2025-08-22T06:26:08.358Z,2025-08-22T14:52:00.000Z,14367,7183,7183,1618,0,0,0,0,0,60,50,80
2025-08-23T06:21:18.869Z,2025-08-23T15:16:00.000Z,15712,7856,7856,658,0,0,0,0,0,60,50,80
2025-08-24T06:26:12.122Z,2025-08-24T14:26:00.000Z,14279,7140,7140,230,0,0,0,0,0,60,50,80
2025-08-25T07:36:59.629Z,2025-08-25T15:48:00.000Z,13859,6930,6930,1742,0,0,0,0,0,60,50,80
2025-08-26T06:28:08.299Z,2025-08-26T14:47:00.000Z,14146,7073,7073,1641,0,0,0,0,0,60,50,80
2025-08-27T07:25:57.904Z,2025-08-27T14:37:00.000Z,12612,6306,6306,638,0,0,0,0,0,60,50,80
2025-08-28T05:59:24.768Z,2025-08-28T14:11:00.000Z,14154,7077,7077,1187,0,0,0,0,0,60,50,80
2025-08-29T06:21:33.475Z,2025-08-29T14:34:00.000Z,14163,7081,7081,1221,0,0,0,0,0,60,50,80
2025-08-30T05:07:34.840Z,2025-08-30T14:07:00.000Z,16009,8005,8005,346,0,0,0,0,0,60,50,80
2025-08-31T05:18:32.742Z,2025-08-31T14:22:00.000Z,15950,7975,7975,708,0,0,0,0,0,60,50,80
2025-09-01T05:10:02.205Z,2025-09-01T14:01:00.000Z,15237,7619,7619,1383,0,0,0,0,0,60,50,80
2025-09-02T05:38:52.538Z,2025-09-02T14:33:00.000Z,15581,7790,7790,886,0,0,0,0,0,60,50,80
2025-09-03T07:28:53.319Z,2025-09-03T15:32:00.000Z,13634,6817,6817,1720,0,0,0,0,0,60,50,80
2025-09-04T07:25:25.845Z,2025-09-04T15:17:00.000Z,13352,6676,6676,1590,0,0,0,0,0,60,50,80
2025-09-05T07:37:43.258Z,2025-09-05T14:59:00.000Z,12798,6399,6399,881,0,0,0,0,0,60,50,80
2025-09-06T06:56:48.081Z,2025-09-06T14:14:00.000Z,12892,6446,6446,448,0,0,0,0,0,60,50,80
2025-09-07T06:53:31.516Z,2025-09-07T14:33:00.000Z,13297,6648,6648,975,0,0,0,0,0,60,50,80
2025-09-08T06:00:17.212Z,2025-09-08T15:27:00.000Z,16102,8051,8051,1799,0,0,0,0,0,60,50,80
2025-09-09T07:11:22.481Z,2025-09-09T14:48:00.000Z,13239,6620,6620,919,0,0,0,0,0,60,50,80
2025-09-10T06:33:47.921Z,2025-09-10T15:29:00.000Z,15418,7709,7709,1275,0,0,0,0,0,60,50,80
2025-09-11T05:39:10.421Z,2025-09-11T14:40:00.000Z,15620,7810,7810,1210,0,0,0,0,0,60,50,80
2025-09-12T06:25:24.198Z,2025-09-12T14:09:00.000Z,13568,6784,6784,681,0,0,0,0,0,60,50,80
2025-09-13T08:13:40.112Z,2025-09-13T15:58:00.000Z,13681,6841,6841,498,0,0,0,0,0,60,50,80
2025-09-14T07:28:12.930Z,2025-09-14T15:53:00.000Z,15126,7563,7563,36,0,0,0,0,0,60,50,80
2025-09-15T06:47:12.120Z,2025-09-15T14:40:00.000Z,13972,6986,6986,424,0,0,0,0,0,60,50,80
2025-09-16T06:38:04.786Z,2025-09-16T14:02:00.000Z,12921,6461,6461,793,0,0,0,0,0,60,50,80
2025-09-17T07:18:06.921Z,2025-09-17T14:54:00.000Z,13224,6612,6612,905,0,0,0,0,0,60,50,80
2025-09-18T05:12:43.700Z,2025-09-18T14:12:00.000Z,15961,7981,7981,434,0,0,0,0,0,60,50,80
2025-09-19T06:47:16.187Z,2025-09-19T14:28:00.000Z,13736,6868,6868,172,0,0,0,0,0,60,50,80
2025-09-20T06:20:34.782Z,2025-09-20T14:26:00.000Z,14092,7046,7046,942,0,0,0,0,0,60,50,80
2025-09-21T06:20:03.242Z,2025-09-21T14:07:00.000Z,13193,6596,6596,1631,0,0,0,0,0,60,50,80
2025-09-22T07:55:53.324Z,2025-09-22T15:14:00.000Z,12963,6482,6482,361,0,0,0,0,0,60,50,80
2025-09-23T05:47:09.456Z,2025-09-23T14:25:00.000Z,15091,7545,7545,889,0,0,0,0,0,60,50,80
2025-09-24T06:56:22.907Z,2025-09-24T14:21:00.000Z,13043,6522,6522,590,0,0,0,0,0,60,50,80
2025-09-25T05:54:07.729Z,2025-09-25T14:25:00.000Z,14668,7334,7334,1316,0,0,0,0,0,60,50,80
2025-09-26T07:00:53.393Z,2025-09-26T15:54:00.000Z,15262,7631,7631,1462,0,0,0,0,0,60,50,80
2025-09-27T05:49:40.328Z,2025-09-27T14:28:00.000Z,14736,7368,7368,1628,0,0,0,0,0,60,50,80
2025-09-28T07:19:36.216Z,2025-09-28T14:46:00.000Z,12747,6373,6373,1290,0,0,0,0,0,60,50,80
2025-09-29T06:06:25.417Z,2025-09-29T14:05:00.000Z,13948,6974,6974,819,0,0,0,0,0,60,50,80
2025-09-30T06:22:43.406Z,2025-09-30T15:46:00.000Z,16005,8003,8003,1786,0,0,0,0,0,60,50,80
2025-10-01T05:39:29.664Z,2025-10-01T14:43:00.000Z,15692,7846,7846,1225,0,0,0,0,0,60,50,80
2025-10-02T07:12:34.560Z,2025-10-02T15:16:00.000Z,13805,6903,6903,1395,0,0,0,0,0,60,50,80
2025-10-03T07:35:50.670Z,2025-10-03T15:03:00.000Z,13220,6610,6610,390,0,0,0,0,0,60,50,80
2025-10-04T06:17:39.655Z,2025-10-04T14:09:00.000Z,13993,6997,6997,294,0,0,0,0,0,60,50,80
2025-10-05T07:06:57.089Z,2025-10-05T14:49:00.000Z,13408,6704,6704,907,0,0,0,0,0,60,50,80
2025-10-06T07:13:27.951Z,2025-10-06T15:22:00.000Z,14016,7008,7008,1279,0,0,0,0,0,60,50,80
2025-10-07T05:06:20.787Z,2025-10-07T14:23:00.000Z,16138,8069,8069,1123,0,0,0,0,0,60,50,80
2025-10-08T06:31:02.185Z,2025-10-08T14:37:00.000Z,14442,7221,7221,275,0,0,0,0,0,60,50,80
2025-10-09T07:17:11.894Z,2025-10-09T15:38:00.000Z,15011,7505,7505,27,0,0,0,0,0,60,50,80
2025-10-10T05:27:23.275Z,2025-10-10T14:46:00.000Z,16068,8034,8034,1381,0,0,0,0,0,60,50,80
2025-10-11T05:41:06.475Z,2025-10-11T14:32:00.000Z,15921,7961,7961,11,0,0,0,0,0,60,50,80
2025-10-12T06:48:00.060Z,2025-10-12T14:16:00.000Z,12879,6440,6440,1122,0,0,0,0,0,60,50,80
2025-10-13T06:45:54.930Z,2025-10-13T15:48:00.000Z,15496,7748,7748,1533,0,0,0,0,0,60,50,80
2025-10-14T05:06:36.129Z,2025-10-14T14:18:00.000Z,16036,8018,8018,1013,0,0,0,0,0,60,50,80
2025-10-15T05:10:46.411Z,2025-10-15T14:03:00.000Z,15367,7683,7683,1200,0,0,0,0,0,60,50,80
2025-10-16T07:02:23.822Z,2025-10-16T15:01:00.000Z,14279,7139,7139,159,0,0,0,0,0,60,50,80
2025-10-17T06:35:57.121Z,2025-10-17T14:48:00.000Z,14075,7037,7037,1373,0,0,0,0,0,60,50,80
2025-10-18T05:20:24.502Z,2025-10-18T14:21:00.000Z,15802,7901,7901,831,0,0,0,0,0,60,50,80
2025-10-19T05:50:56.802Z,2025-10-19T14:15:00.000Z,14755,7378,7378,732,0,0,0,0,0,60,50,80
2025-10-20T05:46:08.843Z,2025-10-20T14:17:00.000Z,14792,7396,7396,1068,0,0,0,0,0,60,50,80
2025-10-21T07:53:22.561Z,2025-10-21T15:54:00.000Z,13885,6943,6943,1067,0,0,0,0,0,60,50,80
2025-10-22T06:59:56.730Z,2025-10-22T14:33:00.000Z,13423,6712,6712,336,0,0,0,0,0,60,50,80
2025-10-23T05:18:34.959Z,2025-10-23T14:02:00.000Z,15508,7754,7754,390,0,0,0,0,0,60,50,80
2025-10-24T06:15:53.165Z,2025-10-24T14:21:00.000Z,14385,7192,7192,337,0,0,0,0,0,60,50,80
2025-10-25T07:10:25.146Z,2025-10-25T15:41:00.000Z,14469,7234,7234,1697,0,0,0,0,0,60,50,80
2025-10-26T06:54:12.656Z,2025-10-26T14:06:00.000Z,12722,6361,6361,463,0,0,0,0,0,60,50,80
2025-10-27T05:50:39.515Z,2025-10-27T14:22:00.000Z,14552,7276,7276,1576,0,0,0,0,0,60,50,80
2025-10-28T06:36:15.829Z,2025-10-28T15:48:00.000Z,15804,7902,7902,1496,0,0,0,0,0,60,50,80
2025-10-29T05:52:08.469Z,2025-10-29T14:58:00.000Z,15693,7847,7847,1365,0,0,0,0,0,60,50,80
2025-10-30T07:42:33.353Z,2025-10-30T15:34:00.000Z,13246,6623,6623,1795,0,0,0,0,0,60,50,80
2025-10-31T07:50:06.861Z,2025-10-31T15:38:00.000Z,13417,6709,6709,1239,0,0,0,0,0,60,50,80
2025-11-01T06:49:24.958Z,2025-11-01T15:16:00.000Z,15179,7589,7589,38,0,0,0,0,0,60,50,80
2025-11-02T07:59:34.195Z,2025-11-02T16:18:00.000Z,14249,7125,7125,1407,0,0,0,0,0,60,50,80
2025-11-03T07:40:39.869Z,2025-11-03T16:49:00.000Z,15878,7939,7939,1145,0,0,0,0,0,60,50,80
2025-11-04T07:45:48.750Z,2025-11-04T16:27:00.000Z,15260,7630,7630,751,0,0,0,0,0,60,50,80
2025-11-05T07:41:39.202Z,2025-11-05T15:24:00.000Z,13330,6665,6665,1080,0,0,0,0,0,60,50,80
2025-11-06T07:34:53.780Z,2025-11-06T15:14:00.000Z,13147,6573,6573,1253,0,0,0,0,0,60,50,80
2025-11-07T08:20:32.106Z,2025-11-07T15:57:00.000Z,13172,6586,6586,1043,0,0,0,0,0,60,50,80
2025-11-08T07:02:50.050Z,2025-11-08T15:43:00.000Z,15022,7511,7511,1165,0,0,0,0,0,60,50,80
2025-11-09T07:18:42.371Z,2025-11-09T15:17:00.000Z,14314,7157,7157,70,0,0,0,0,0,60,50,80
2025-11-10T08:22:19.153Z,2025-11-10T15:47:00.000Z,12834,6417,6417,1013,0,0,0,0,0,60,50,80
2025-11-11T06:39:20.237Z,2025-11-11T15:33:00.000Z,15313,7657,7657,1393,0,0,0,0,0,60,50,80
2025-11-12T07:06:23.930Z,2025-11-12T15:56:00.000Z,15686,7843,7843,404,0,0,0,0,0,60,50,80
2025-11-13T07:30:00.591Z,2025-11-13T15:39:00.000Z,14207,7104,7104,925,0,0,0,0,0,60,50,80
2025-11-14T06:41:56.551Z,2025-11-14T15:39:00.000Z,15709,7854,7854,806,0,0,0,0,0,60,50,80
2025-11-15T07:09:54.305Z,2025-11-15T15:53:00.000Z,14890,7445,7445,1605,0,0,0,0,0,60,50,80
2025-11-16T06:03:39.409Z,2025-11-16T15:22:00.000Z,15939,7970,7970,1622,0,0,0,0,0,60,50,80
2025-11-17T08:46:28.079Z,2025-11-17T16:50:00.000Z,14492,7246,7246,27,0,0,0,0,0,60,50,80
2025-11-18T08:22:57.037Z,2025-11-18T15:30:00.000Z,12630,6315,6315,364,0,0,0,0,0,60,50,80
2025-11-19T08:11:19.929Z,2025-11-19T15:57:00.000Z,13217,6608,6608,1506,0,0,0,0,0,60,50,80
2025-11-20T07:01:30.205Z,2025-11-20T15:29:00.000Z,15216,7608,7608,18,0,0,0,0,0,60,50,80
2025-11-21T07:54:46.748Z,2025-11-21T15:33:00.000Z,13010,6505,6505,1474,0,0,0,0,0,60,50,80
2025-11-22T06:19:24.543Z,2025-11-22T15:06:00.000Z,15580,7790,7790,436,0,0,0,0,0,60,50,80
2025-11-23T08:43:41.234Z,2025-11-23T16:42:00.000Z,14102,7051,7051,496,0,0,0,0,0,60,50,80
2025-11-24T06:50:53.003Z,2025-11-24T15:30:00.000Z,14801,7400,7400,1545,0,0,0,0,0,60,50,80
2025-11-25T07:06:22.971Z,2025-11-25T15:30:00.000Z,14686,7343,7343,845,0,0,0,0,0,60,50,80
2025-11-26T07:20:34.188Z,2025-11-26T16:19:00.000Z,16107,8054,8054,91,0,0,0,0,0,60,50,80
2025-11-27T07:55:26.194Z,2025-11-27T15:17:00.000Z,12927,6463,6463,641,0,0,0,0,0,60,50,80
2025-11-28T07:35:15.463Z,2025-11-28T15:08:00.000Z,12767,6383,6383,1631,0,0,0,0,0,60,50,80
2025-11-29T06:39:20.180Z,2025-11-29T15:07:00.000Z,14873,7437,7437,713,0,0,0,0,0,60,50,80
2025-11-30T08:20:31.683Z,2025-11-30T15:56:00.000Z,12964,6482,6482,1400,0,0,0,0,0,60,50,80
2025-12-01T06:51:50.464Z,2025-12-01T15:57:00.000Z,15542,7771,7771,1625,0,0,0,0,0,60,50,80
2025-12-02T07:03:48.827Z,2025-12-02T15:57:00.000Z,15619,7810,7810,752,0,0,0,0,0,60,50,80
2025-12-03T06:52:16.852Z,2025-12-03T15:31:00.000Z,15444,7722,7722,234,0,0,0,0,0,60,50,80
2025-12-04T07:18:23.149Z,2025-12-04T15:02:00.000Z,13157,6578,6578,1504,0,0,0,0,0,60,50,80
2025-12-05T06:28:11.706Z,2025-12-05T15:25:00.000Z,15654,7827,7827,899,0,0,0,0,0,60,50,80
2025-12-06T06:12:57.125Z,2025-12-06T15:10:00.000Z,16009,8004,8004,206,0,0,0,0,0,60,50,80
2025-12-07T07:02:20.487Z,2025-12-07T15:01:00.000Z,13597,6798,6798,1526,0,0,0,0,0,60,50,80
2025-12-08T06:37:09.678Z,2025-12-08T15:02:00.000Z,14994,7497,7497,303,0,0,0,0,0,60,50,80
2025-12-09T06:52:33.190Z,2025-12-09T15:39:00.000Z,15305,7652,7652,977,0,0,0,0,0,60,50,80
2025-12-10T07:44:16.009Z,2025-12-10T15:27:00.000Z,13309,6655,6655,1146,0,0,0,0,0,60,50,80
2025-12-11T08:38:10.574Z,2025-12-11T16:01:00.000Z,12739,6369,6369,1092,0,0,0,0,0,60,50,80
2025-12-12T06:37:56.661Z,2025-12-12T15:51:00.000Z,15827,7913,7913,1529,0,0,0,0,0,60,50,80
2025-12-13T07:54:37.360Z,2025-12-13T16:10:00.000Z,14521,7261,7261,681,0,0,0,0,0,60,50,80
2025-12-14T07:10:03.440Z,2025-12-14T15:33:00.000Z,14328,7164,7164,1521,0,0,0,0,0,60,50,80
2025-12-15T07:14:24.805Z,2025-12-15T15:46:00.000Z,14450,7225,7225,1795,0,0,0,0,0,60,50,80
2025-12-16T07:06:42.589Z,2025-12-16T16:11:00.000Z,15608,7804,7804,1441,0,0,0,0,0,60,50,80
2025-12-17T07:42:49.276Z,2025-12-17T16:10:00.000Z,14705,7353,7353,1021,0,0,0,0,0,60,50,80
2025-12-18T06:59:12.272Z,2025-12-18T15:45:00.000Z,14975,7487,7487,1598,0,0,0,0,0,60,50,80
2025-12-19T07:48:56.800Z,2025-12-19T15:26:00.000Z,13042,6521,6521,1340,0,0,0,0,0,60,50,80
2025-12-20T08:37:42.683Z,2025-12-20T16:33:00.000Z,13633,6816,6816,1251,0,0,0,0,0,60,50,80
2025-12-21T08:22:18.305Z,2025-12-21T15:52:00.000Z,13394,6697,6697,194,0,0,0,0,0,60,50,80
2025-12-22T08:31:12.880Z,2025-12-22T16:54:00.000Z,14434,7217,7217,1300,0,0,0,0,0,60,50,80
2025-12-23T06:43:13.129Z,2025-12-23T15:25:00.000Z,15039,7519,7519,1229,0,0,0,0,0,60,50,80
2025-12-24T08:03:33.602Z,2025-12-24T15:48:00.000Z,13433,6717,6717,1000,0,0,0,0,0,60,50,80
2025-12-25T08:00:56.106Z,2025-12-25T15:21:00.000Z,13081,6541,6541,241,0,0,0,0,0,60,50,80
2025-12-26T08:25:43.619Z,2025-12-26T16:41:00.000Z,14132,7066,7066,1452,0,0,0,0,0,60,50,80
2025-12-27T07:05:12.803Z,2025-12-27T15:51:00.000Z,15385,7693,7693,777,0,0,0,0,0,60,50,80
2025-12-28T08:24:43.076Z,2025-12-28T16:44:00.000Z,14430,7215,7215,1098,0,0,0,0,0,60,50,80
2025-12-29T06:56:13.314Z,2025-12-29T15:18:00.000Z,14172,7086,7086,1763,0,0,0,0,0,60,50,80
2025-12-30T07:26:46.210Z,2025-12-30T15:02:00.000Z,12857,6429,6429,1599,0,0,0,0,0,60,50,80
2025-12-31T07:31:04.142Z,2025-12-31T15:17:00.000Z,13561,6781,6781,834,0,0,0,0,0,60,50,80
